path,detector,facial_landmarker,landmarks,time,face_boxes
my_images\1.jpg,mtcnn,dlib_facial_landmark,"[(324, 215), (324, 235), (324, 255), (326, 275), (333, 290), (344, 301), (355, 309), (366, 316), (376, 319), (385, 317), (391, 309), (399, 300), (405, 291), (411, 277), (415, 263), (417, 247), (417, 231), (339, 201), (347, 198), (356, 201), (364, 207), (370, 216), (387, 222), (394, 220), (401, 218), (407, 219), (412, 222), (381, 233), (381, 244), (382, 255), (382, 267), (369, 272), (374, 275), (380, 278), (384, 278), (387, 276), (347, 220), (354, 219), (360, 222), (365, 229), (359, 229), (352, 227), (389, 237), (395, 234), (400, 235), (405, 238), (400, 241), (394, 240), (359, 288), (368, 289), (375, 289), (378, 291), (380, 290), (384, 292), (388, 292), (384, 299), (380, 301), (377, 301), (373, 300), (366, 296), (362, 289), (374, 294), (377, 295), (380, 295), (386, 293), (380, 293), (377, 293), (374, 291)]",0.002992391586303711,"[(322, 170, 105, 159), (279, 215, 34, 49)]"
my_images\1.jpg,mtcnn,cnn_facial_landmark,"[(317, 218), (317, 237), (319, 256), (323, 275), (332, 290), (345, 303), (360, 314), (375, 323), (389, 325), (401, 319), (410, 307), (418, 294), (426, 281), (432, 267), (435, 252), (437, 237), (437, 223), (348, 222), (358, 219), (369, 219), (381, 222), (390, 227), (403, 228), (411, 222), (418, 218), (426, 216), (433, 218), (397, 238), (399, 250), (400, 261), (402, 273), (385, 276), (392, 280), (399, 282), (405, 279), (409, 276), (359, 236), (367, 235), (374, 235), (380, 238), (374, 240), (366, 240), (406, 237), (412, 233), (418, 233), (423, 234), (419, 237), (412, 238), (371, 293), (382, 292), (391, 292), (396, 293), (401, 291), (405, 292), (408, 292), (404, 300), (400, 305), (395, 307), (389, 306), (380, 302), (375, 294), (391, 295), (396, 296), (401, 295), (405, 293), (400, 297), (395, 299), (390, 298)]",0.02593851089477539,"[(322, 170, 105, 159), (279, 215, 34, 49)]"
my_images\1.jpg,haar_cascade,dlib_facial_landmark,null,['null'],[]
my_images\1.jpg,haar_cascade,cnn_facial_landmark,null,['null'],[]
my_images\1.jpg,dlib_hog_based,dlib_facial_landmark,null,['null'],[]
my_images\1.jpg,dlib_hog_based,cnn_facial_landmark,null,['null'],[]
my_images\1.jpg,dnn_frontol_face,dlib_facial_landmark,"[(316, 215), (314, 237), (314, 260), (318, 281), (326, 299), (337, 311), (348, 321), (360, 329), (370, 332), (380, 329), (386, 319), (395, 307), (403, 296), (411, 283), (416, 267), (419, 249), (419, 232), (335, 196), (345, 192), (354, 194), (363, 200), (370, 209), (389, 215), (396, 214), (403, 215), (408, 217), (412, 218), (381, 232), (381, 244), (381, 256), (381, 267), (367, 276), (373, 279), (378, 282), (383, 281), (386, 279), (345, 219), (352, 217), (359, 219), (364, 228), (357, 228), (350, 225), (388, 237), (394, 233), (401, 234), (406, 239), (400, 241), (394, 240), (354, 295), (364, 293), (373, 291), (376, 293), (380, 292), (384, 295), (389, 298), (384, 307), (379, 312), (376, 313), (372, 312), (363, 308), (357, 296), (372, 297), (376, 297), (379, 297), (386, 299), (379, 302), (376, 303), (372, 302)]",0.003989696502685547,"[(310, 163, 121, 175)]"
my_images\1.jpg,dnn_frontol_face,cnn_facial_landmark,"[(315, 228), (316, 246), (318, 265), (323, 283), (333, 299), (346, 312), (361, 321), (376, 329), (391, 331), (404, 327), (413, 317), (421, 304), (427, 290), (432, 276), (435, 261), (435, 247), (435, 233), (352, 219), (362, 215), (373, 213), (384, 215), (393, 220), (408, 223), (414, 219), (421, 217), (427, 217), (431, 221), (402, 236), (404, 246), (406, 255), (409, 264), (392, 273), (398, 275), (404, 277), (409, 275), (413, 273), (364, 235), (372, 233), (379, 233), (384, 237), (378, 238), (371, 238), (409, 238), (414, 235), (419, 235), (423, 237), (419, 240), (414, 240), (376, 295), (387, 290), (397, 288), (401, 289), (405, 288), (409, 291), (410, 296), (407, 303), (403, 307), (399, 308), (394, 307), (385, 303), (381, 295), (396, 293), (401, 293), (405, 293), (407, 296), (403, 299), (399, 299), (395, 299)]",0.024933815002441406,"[(310, 163, 121, 175)]"
my_images\10.jpeg,mtcnn,dlib_facial_landmark,"[(-4, 428), (-1, 444), (3, 460), (9, 475), (17, 489), (27, 499), (40, 505), (52, 506), (64, 504), (76, 499), (87, 491), (97, 480), (105, 466), (109, 449), (109, 430), (107, 411), (104, 393), (3, 405), (8, 395), (17, 388), (28, 386), (39, 386), (50, 377), (58, 369), (68, 363), (78, 363), (86, 369), (45, 390), (46, 400), (47, 409), (47, 419), (42, 437), (48, 436), (53, 434), (58, 431), (63, 427), (16, 411), (21, 406), (27, 403), (33, 402), (28, 406), (23, 409), (62, 390), (66, 384), (71, 381), (78, 381), (73, 385), (68, 388), (38, 472), (43, 460), (49, 452), (55, 452), (60, 447), (69, 448), (79, 452), (72, 458), (65, 463), (59, 466), (54, 469), (46, 471), (42, 470), (50, 459), (56, 457), (61, 454), (76, 453), (63, 456), (57, 459), (52, 461)]",0.0039920806884765625,"[(-3, 356, 118, 140)]"
my_images\10.jpeg,mtcnn,cnn_facial_landmark,"[(15, 402), (14, 415), (15, 429), (17, 442), (21, 452), (26, 462), (32, 470), (38, 476), (46, 479), (57, 479), (69, 475), (81, 468), (92, 460), (101, 449), (106, 435), (109, 421), (112, 407), (21, 394), (25, 392), (31, 391), (37, 393), (42, 396), (52, 398), (61, 395), (71, 395), (80, 399), (86, 407), (46, 410), (43, 416), (42, 422), (39, 429), (35, 432), (38, 435), (42, 437), (47, 437), (53, 436), (25, 407), (29, 404), (35, 406), (39, 411), (34, 410), (29, 409), (56, 414), (62, 410), (68, 411), (74, 414), (68, 415), (62, 415), (30, 445), (34, 443), (39, 443), (43, 444), (48, 444), (57, 446), (66, 450), (56, 460), (48, 464), (43, 463), (38, 462), (33, 456), (32, 447), (39, 446), (43, 447), (48, 447), (63, 451), (49, 459), (43, 458), (39, 457)]",0.0249326229095459,"[(-3, 356, 118, 140)]"
my_images\10.jpeg,haar_cascade,dlib_facial_landmark,null,['null'],[]
my_images\10.jpeg,haar_cascade,cnn_facial_landmark,null,['null'],[]
my_images\10.jpeg,dlib_hog_based,dlib_facial_landmark,null,['null'],[]
my_images\10.jpeg,dlib_hog_based,cnn_facial_landmark,null,['null'],[]
my_images\10.jpeg,dnn_frontol_face,dlib_facial_landmark,null,['null'],[]
my_images\10.jpeg,dnn_frontol_face,cnn_facial_landmark,null,['null'],[]
my_images\2.jpg,mtcnn,dlib_facial_landmark,"[(449, 268), (448, 273), (447, 279), (447, 285), (447, 290), (448, 296), (449, 302), (450, 306), (454, 307), (458, 308), (464, 306), (469, 304), (474, 300), (477, 295), (479, 289), (481, 282), (482, 276), (451, 269), (452, 268), (454, 268), (456, 269), (458, 270), (461, 271), (465, 271), (468, 271), (471, 272), (474, 274), (458, 276), (457, 281), (456, 285), (454, 290), (452, 289), (454, 291), (455, 293), (457, 292), (459, 291), (453, 274), (454, 274), (456, 274), (457, 275), (455, 275), (454, 275), (463, 277), (465, 276), (467, 277), (469, 277), (467, 278), (465, 278), (450, 295), (451, 295), (453, 296), (454, 297), (455, 297), (458, 297), (461, 298), (457, 298), (455, 299), (453, 299), (452, 298), (451, 297), (451, 295), (453, 297), (454, 298), (455, 298), (460, 298), (455, 298), (454, 298), (452, 297)]",0.0029921531677246094,"[(438, 250, 43, 62)]"
my_images\2.jpg,mtcnn,cnn_facial_landmark,"[(438, 274), (437, 279), (436, 284), (436, 289), (436, 294), (437, 300), (439, 305), (441, 309), (445, 312), (452, 312), (459, 310), (466, 307), (473, 304), (478, 298), (481, 292), (483, 285), (485, 278), (438, 266), (439, 265), (442, 265), (444, 266), (447, 268), (452, 268), (456, 267), (461, 267), (466, 269), (469, 272), (448, 273), (447, 277), (445, 280), (443, 284), (442, 287), (443, 288), (445, 289), (447, 289), (450, 289), (439, 272), (441, 271), (444, 272), (446, 273), (443, 274), (441, 273), (456, 275), (459, 274), (461, 275), (464, 276), (461, 276), (458, 276), (440, 296), (441, 294), (443, 294), (444, 294), (446, 294), (450, 296), (455, 298), (450, 301), (446, 301), (444, 301), (442, 300), (441, 298), (441, 296), (443, 296), (445, 296), (446, 296), (453, 298), (446, 298), (444, 298), (443, 297)]",0.02592945098876953,"[(438, 250, 43, 62)]"
my_images\2.jpg,haar_cascade,dlib_facial_landmark,null,['null'],[]
my_images\2.jpg,haar_cascade,cnn_facial_landmark,null,['null'],[]
my_images\2.jpg,dlib_hog_based,dlib_facial_landmark,null,['null'],[]
my_images\2.jpg,dlib_hog_based,cnn_facial_landmark,null,['null'],[]
my_images\2.jpg,dnn_frontol_face,dlib_facial_landmark,null,['null'],[]
my_images\2.jpg,dnn_frontol_face,cnn_facial_landmark,null,['null'],[]
my_images\3.jpg,mtcnn,dlib_facial_landmark,"[(205, 99), (203, 110), (203, 122), (203, 133), (207, 143), (213, 150), (221, 155), (228, 159), (235, 160), (241, 160), (245, 156), (249, 152), (253, 148), (256, 142), (259, 135), (260, 129), (261, 122), (219, 101), (225, 97), (232, 97), (239, 100), (245, 103), (252, 105), (257, 105), (261, 106), (264, 109), (264, 114), (248, 111), (248, 115), (248, 119), (248, 123), (236, 127), (240, 129), (244, 131), (247, 131), (250, 130), (225, 109), (230, 109), (233, 110), (236, 111), (233, 112), (229, 111), (250, 115), (255, 116), (257, 117), (259, 119), (257, 119), (254, 118), (227, 137), (234, 135), (239, 135), (241, 137), (244, 137), (246, 139), (248, 142), (245, 143), (242, 143), (239, 142), (237, 142), (232, 140), (229, 137), (238, 138), (241, 139), (244, 140), (246, 142), (243, 138), (240, 138), (238, 138)]",0.0030188560485839844,"[(206, 78, 59, 80)]"
my_images\3.jpg,mtcnn,cnn_facial_landmark,"[(206, 104), (205, 112), (205, 121), (205, 130), (208, 138), (213, 145), (220, 150), (227, 155), (235, 157), (242, 156), (248, 154), (253, 150), (258, 145), (261, 139), (264, 132), (266, 125), (268, 119), (221, 100), (227, 98), (233, 98), (238, 99), (244, 103), (253, 105), (257, 105), (262, 105), (265, 107), (267, 110), (247, 111), (246, 115), (246, 119), (246, 123), (237, 127), (240, 128), (243, 130), (246, 130), (248, 129), (226, 109), (230, 110), (234, 110), (237, 111), (233, 111), (230, 111), (252, 114), (255, 115), (258, 116), (261, 117), (258, 117), (255, 116), (228, 136), (234, 134), (239, 133), (242, 135), (244, 135), (247, 137), (249, 140), (245, 142), (242, 143), (239, 142), (236, 142), (232, 139), (230, 136), (238, 136), (241, 137), (244, 137), (247, 140), (243, 139), (240, 139), (238, 138)]",0.02981853485107422,"[(206, 78, 59, 80)]"
my_images\3.jpg,haar_cascade,dlib_facial_landmark,"[(203, 101), (201, 110), (200, 119), (200, 129), (203, 138), (209, 144), (217, 150), (225, 154), (234, 157), (241, 157), (247, 154), (252, 149), (256, 144), (260, 139), (262, 132), (264, 126), (265, 120), (219, 99), (226, 97), (233, 97), (239, 99), (246, 103), (253, 106), (258, 105), (262, 106), (266, 108), (267, 111), (248, 111), (248, 116), (248, 120), (247, 124), (236, 127), (240, 129), (243, 131), (246, 131), (249, 130), (225, 109), (230, 109), (234, 110), (236, 111), (233, 112), (229, 111), (251, 115), (255, 116), (258, 117), (261, 118), (257, 119), (254, 118), (228, 137), (233, 135), (238, 136), (241, 137), (244, 137), (246, 139), (248, 142), (245, 143), (242, 143), (239, 142), (236, 142), (232, 140), (230, 137), (238, 138), (240, 139), (243, 140), (246, 142), (243, 139), (240, 139), (237, 138)]",0.0029926300048828125,"[(203, 77, 82, 82), (243, 517, 89, 89)]"
my_images\3.jpg,haar_cascade,cnn_facial_landmark,"[(211, 103), (210, 112), (208, 121), (208, 130), (210, 138), (214, 145), (220, 152), (227, 157), (234, 159), (242, 159), (249, 156), (256, 152), (262, 146), (266, 140), (269, 133), (272, 126), (274, 119), (221, 100), (226, 97), (233, 97), (238, 99), (244, 102), (254, 105), (259, 104), (265, 104), (269, 107), (272, 110), (247, 110), (246, 115), (246, 120), (245, 125), (237, 127), (240, 129), (243, 130), (246, 131), (248, 130), (226, 108), (230, 108), (234, 109), (237, 110), (234, 110), (230, 110), (253, 114), (257, 114), (261, 115), (263, 117), (260, 117), (257, 116), (227, 136), (233, 134), (238, 134), (240, 135), (244, 136), (247, 138), (250, 141), (245, 144), (241, 144), (238, 144), (235, 143), (231, 141), (229, 136), (237, 137), (240, 138), (243, 138), (248, 141), (242, 140), (239, 140), (236, 139)]",0.02792525291442871,"[(203, 77, 82, 82), (243, 517, 89, 89)]"
my_images\3.jpg,dlib_hog_based,dlib_facial_landmark,"[(204, 101), (202, 110), (201, 120), (201, 129), (203, 138), (209, 144), (217, 150), (225, 154), (233, 156), (241, 156), (247, 153), (252, 149), (256, 144), (259, 138), (262, 132), (263, 126), (265, 120), (219, 99), (226, 97), (233, 97), (239, 100), (245, 103), (253, 106), (258, 105), (261, 106), (264, 108), (265, 112), (248, 111), (248, 115), (247, 119), (247, 124), (236, 127), (240, 129), (243, 130), (246, 130), (249, 130), (225, 108), (229, 109), (233, 110), (236, 111), (232, 111), (228, 111), (251, 115), (255, 116), (258, 118), (260, 119), (257, 119), (254, 118), (228, 137), (234, 136), (238, 136), (241, 137), (244, 137), (246, 140), (248, 142), (244, 143), (242, 143), (239, 143), (236, 142), (232, 140), (230, 137), (237, 139), (240, 140), (243, 140), (246, 142), (243, 139), (240, 139), (237, 138)]",0.0020253658294677734,"[(204, 80, 74, 75)]"
my_images\3.jpg,dlib_hog_based,cnn_facial_landmark,"[(209, 103), (207, 112), (206, 120), (206, 129), (207, 137), (212, 144), (219, 150), (226, 155), (234, 157), (242, 157), (248, 155), (255, 151), (260, 146), (264, 140), (267, 134), (269, 128), (271, 121), (221, 100), (226, 98), (233, 98), (239, 100), (244, 103), (254, 106), (259, 106), (264, 107), (268, 109), (271, 113), (248, 111), (247, 115), (246, 119), (246, 124), (238, 127), (240, 128), (243, 130), (246, 130), (248, 130), (226, 108), (230, 109), (234, 109), (237, 111), (233, 111), (229, 110), (253, 115), (256, 116), (260, 117), (262, 118), (259, 118), (256, 117), (227, 135), (233, 133), (238, 133), (241, 134), (244, 135), (247, 137), (249, 140), (245, 143), (242, 144), (239, 143), (236, 142), (231, 140), (229, 135), (238, 136), (240, 137), (243, 138), (247, 140), (243, 139), (240, 139), (237, 138)]",0.026960372924804688,"[(204, 80, 74, 75)]"
my_images\3.jpg,dnn_frontol_face,dlib_facial_landmark,"[(204, 100), (203, 110), (202, 121), (202, 131), (205, 140), (211, 147), (218, 151), (226, 155), (234, 157), (240, 157), (246, 154), (251, 151), (255, 147), (259, 141), (261, 134), (262, 127), (264, 121), (219, 100), (226, 97), (233, 97), (239, 99), (245, 103), (253, 106), (258, 105), (262, 106), (265, 107), (266, 111), (248, 111), (248, 115), (248, 119), (247, 124), (237, 127), (240, 129), (243, 131), (246, 131), (249, 131), (225, 109), (230, 109), (234, 110), (236, 112), (233, 112), (229, 112), (251, 116), (255, 116), (258, 117), (260, 118), (258, 119), (255, 118), (228, 136), (234, 135), (239, 135), (241, 137), (244, 137), (246, 139), (248, 142), (244, 143), (242, 143), (239, 142), (236, 142), (232, 140), (230, 137), (238, 138), (240, 139), (243, 140), (246, 142), (243, 139), (240, 138), (237, 138)]",0.0029904842376708984,"[(204, 74, 68, 85)]"
my_images\3.jpg,dnn_frontol_face,cnn_facial_landmark,"[(207, 103), (206, 112), (205, 121), (206, 130), (208, 138), (213, 145), (220, 150), (227, 155), (235, 157), (243, 157), (250, 154), (256, 150), (261, 144), (265, 138), (269, 131), (271, 124), (273, 117), (220, 99), (226, 97), (232, 97), (238, 99), (244, 102), (255, 105), (260, 104), (264, 104), (269, 105), (271, 108), (248, 111), (248, 115), (247, 120), (247, 125), (238, 128), (241, 129), (244, 131), (247, 131), (250, 130), (226, 108), (230, 109), (234, 109), (237, 110), (233, 110), (229, 110), (254, 113), (258, 114), (261, 115), (264, 116), (260, 116), (257, 115), (227, 135), (234, 134), (239, 134), (242, 135), (245, 135), (249, 137), (251, 140), (247, 143), (243, 144), (240, 144), (237, 143), (232, 141), (229, 136), (239, 137), (242, 137), (245, 138), (249, 140), (244, 140), (241, 140), (238, 139)]",0.02789306640625,"[(204, 74, 68, 85)]"
my_images\4.jpg,mtcnn,dlib_facial_landmark,"[(306, 232), (307, 238), (308, 244), (310, 250), (314, 254), (318, 257), (324, 259), (329, 260), (334, 260), (337, 258), (339, 255), (340, 251), (341, 247), (341, 242), (341, 238), (341, 234), (340, 230), (313, 229), (316, 226), (321, 224), (325, 224), (329, 226), (334, 225), (336, 224), (338, 223), (341, 224), (342, 226), (332, 229), (333, 231), (334, 233), (335, 236), (329, 240), (331, 240), (333, 240), (335, 240), (336, 239), (318, 231), (321, 230), (323, 229), (325, 230), (323, 231), (321, 231), (334, 230), (336, 229), (338, 229), (339, 230), (338, 231), (336, 230), (325, 247), (329, 245), (331, 244), (333, 245), (335, 244), (337, 245), (338, 247), (337, 248), (336, 249), (334, 249), (332, 249), (329, 249), (327, 247), (331, 246), (333, 246), (335, 246), (337, 247), (335, 246), (333, 246), (332, 246)]",0.004015684127807617,"[(307, 211, 36, 47)]"
my_images\4.jpg,mtcnn,cnn_facial_landmark,"[(307, 232), (307, 237), (308, 242), (310, 247), (313, 251), (317, 254), (322, 256), (327, 258), (332, 258), (335, 257), (338, 254), (340, 250), (341, 247), (342, 243), (342, 239), (342, 235), (342, 231), (314, 227), (317, 225), (320, 224), (324, 224), (328, 225), (333, 225), (336, 224), (338, 223), (340, 224), (342, 225), (331, 228), (332, 231), (332, 233), (333, 236), (329, 240), (330, 240), (332, 241), (334, 240), (335, 239), (318, 230), (321, 229), (323, 229), (325, 230), (323, 230), (321, 231), (334, 229), (336, 228), (338, 228), (339, 229), (338, 230), (336, 230), (325, 247), (328, 245), (331, 244), (332, 244), (334, 244), (335, 245), (336, 247), (335, 248), (334, 249), (332, 250), (330, 250), (328, 249), (326, 247), (331, 246), (332, 246), (334, 246), (335, 247), (334, 247), (332, 247), (331, 247)]",0.02995157241821289,"[(307, 211, 36, 47)]"
my_images\4.jpg,haar_cascade,dlib_facial_landmark,"[(305, 234), (306, 239), (306, 245), (309, 249), (312, 253), (318, 255), (324, 257), (329, 258), (334, 258), (338, 257), (341, 254), (342, 250), (344, 247), (344, 243), (344, 238), (343, 234), (342, 230), (313, 229), (316, 226), (320, 224), (324, 224), (329, 225), (334, 225), (336, 224), (339, 223), (341, 223), (342, 225), (332, 229), (333, 231), (334, 233), (335, 236), (329, 240), (331, 240), (334, 241), (335, 240), (336, 239), (318, 231), (321, 229), (323, 229), (325, 231), (323, 231), (321, 231), (334, 230), (336, 229), (339, 229), (340, 230), (339, 231), (336, 231), (325, 247), (329, 246), (332, 245), (333, 245), (335, 244), (337, 245), (338, 247), (337, 248), (336, 249), (334, 250), (332, 250), (329, 249), (327, 247), (332, 246), (333, 246), (335, 246), (337, 246), (335, 246), (334, 247), (332, 246)]",0.003989219665527344,"[(308, 211, 47, 47)]"
my_images\4.jpg,haar_cascade,cnn_facial_landmark,"[(311, 234), (311, 239), (312, 243), (313, 247), (315, 251), (318, 254), (322, 257), (326, 258), (331, 259), (335, 258), (339, 256), (342, 253), (344, 250), (345, 246), (345, 241), (346, 237), (345, 232), (316, 227), (318, 225), (321, 224), (324, 224), (328, 225), (333, 224), (336, 223), (338, 223), (341, 223), (343, 225), (331, 229), (331, 231), (332, 233), (332, 236), (328, 240), (330, 240), (332, 240), (333, 240), (335, 240), (319, 231), (321, 229), (324, 229), (326, 230), (324, 231), (321, 231), (335, 230), (337, 228), (339, 228), (340, 229), (339, 230), (337, 230), (325, 247), (327, 245), (330, 244), (332, 244), (333, 244), (336, 245), (338, 246), (336, 248), (334, 249), (332, 249), (330, 249), (327, 249), (326, 247), (330, 246), (332, 246), (333, 246), (337, 246), (334, 247), (332, 247), (330, 247)]",0.025937318801879883,"[(308, 211, 47, 47)]"
my_images\4.jpg,dlib_hog_based,dlib_facial_landmark,"[(305, 233), (306, 238), (307, 244), (309, 249), (312, 253), (317, 256), (323, 258), (329, 259), (334, 258), (338, 257), (340, 254), (342, 251), (343, 246), (344, 242), (344, 238), (343, 234), (343, 230), (313, 228), (316, 226), (320, 224), (324, 224), (329, 225), (334, 225), (336, 223), (339, 223), (341, 224), (342, 225), (332, 229), (333, 231), (334, 233), (335, 236), (329, 240), (331, 240), (333, 240), (335, 240), (336, 239), (318, 231), (321, 230), (323, 229), (325, 230), (323, 231), (321, 231), (334, 230), (336, 229), (338, 229), (339, 230), (338, 231), (336, 231), (326, 247), (329, 245), (332, 244), (334, 245), (335, 244), (337, 245), (338, 246), (337, 248), (336, 249), (334, 249), (332, 249), (329, 249), (327, 247), (332, 246), (334, 246), (335, 246), (338, 246), (335, 246), (334, 247), (332, 247)]",0.0019936561584472656,"[(309, 214, 43, 43)]"
my_images\4.jpg,dlib_hog_based,cnn_facial_landmark,"[(311, 234), (312, 238), (313, 243), (314, 247), (316, 251), (319, 254), (323, 257), (328, 258), (332, 258), (337, 257), (340, 254), (342, 251), (344, 248), (345, 243), (345, 239), (345, 235), (345, 231), (316, 228), (318, 225), (321, 224), (325, 224), (328, 225), (334, 224), (336, 223), (339, 223), (342, 223), (343, 225), (331, 228), (332, 231), (332, 234), (333, 236), (329, 240), (330, 240), (332, 240), (334, 240), (335, 239), (320, 230), (322, 229), (324, 229), (326, 230), (324, 231), (322, 231), (335, 229), (337, 228), (339, 228), (341, 229), (339, 230), (337, 230), (325, 247), (328, 245), (331, 243), (332, 244), (334, 243), (336, 244), (338, 246), (336, 248), (334, 249), (332, 250), (330, 250), (328, 249), (326, 247), (330, 245), (332, 245), (334, 245), (337, 246), (334, 247), (332, 247), (330, 247)]",0.025964736938476562,"[(309, 214, 43, 43)]"
my_images\4.jpg,dnn_frontol_face,dlib_facial_landmark,null,['null'],[]
my_images\4.jpg,dnn_frontol_face,cnn_facial_landmark,null,['null'],[]
my_images\5.jpg,mtcnn,dlib_facial_landmark,"[(273, 367), (274, 386), (274, 406), (275, 425), (279, 443), (288, 458), (301, 469), (315, 479), (332, 482), (348, 479), (365, 470), (380, 459), (392, 444), (400, 426), (403, 406), (404, 384), (405, 362), (274, 361), (282, 351), (293, 348), (306, 347), (318, 351), (335, 350), (349, 345), (363, 344), (378, 347), (389, 357), (327, 363), (326, 375), (325, 387), (325, 399), (314, 409), (321, 411), (328, 413), (337, 410), (345, 407), (287, 368), (294, 363), (302, 363), (312, 368), (303, 369), (294, 370), (348, 366), (356, 360), (364, 360), (373, 364), (365, 367), (356, 367), (303, 431), (312, 429), (323, 427), (332, 429), (340, 425), (352, 424), (364, 424), (353, 436), (341, 442), (332, 444), (323, 444), (313, 440), (306, 432), (323, 433), (332, 434), (340, 432), (360, 426), (341, 431), (332, 434), (323, 433)]",0.0029916763305664062,"[(274, 307, 130, 164)]"
my_images\5.jpg,mtcnn,cnn_facial_landmark,"[(272, 374), (274, 391), (277, 407), (281, 423), (287, 439), (297, 452), (310, 464), (324, 473), (341, 474), (358, 470), (374, 461), (387, 449), (398, 434), (403, 417), (406, 399), (406, 381), (406, 363), (276, 360), (283, 352), (293, 349), (305, 350), (315, 353), (337, 350), (349, 344), (362, 342), (375, 344), (385, 350), (327, 363), (327, 374), (328, 385), (328, 397), (317, 406), (323, 408), (331, 409), (338, 406), (345, 403), (289, 370), (296, 365), (304, 364), (312, 368), (305, 371), (296, 371), (348, 365), (356, 359), (364, 359), (372, 362), (365, 365), (357, 365), (309, 428), (317, 423), (326, 420), (333, 421), (340, 419), (352, 420), (364, 423), (354, 435), (344, 441), (335, 442), (328, 441), (318, 438), (313, 428), (326, 425), (333, 426), (341, 424), (359, 425), (342, 432), (334, 433), (327, 433)]",0.02692723274230957,"[(274, 307, 130, 164)]"
my_images\5.jpg,haar_cascade,dlib_facial_landmark,"[(602, 706), (601, 722), (603, 739), (609, 756), (615, 771), (624, 784), (635, 795), (647, 804), (662, 808), (677, 806), (693, 799), (708, 789), (720, 776), (727, 760), (731, 744), (731, 727), (732, 711), (611, 687), (619, 681), (632, 679), (644, 682), (656, 687), (672, 686), (684, 681), (697, 680), (710, 682), (719, 690), (663, 699), (663, 709), (661, 719), (660, 730), (645, 738), (653, 742), (661, 744), (670, 742), (678, 739), (621, 700), (629, 696), (639, 697), (646, 703), (638, 705), (629, 705), (682, 703), (690, 697), (699, 697), (707, 702), (700, 705), (691, 705), (638, 765), (646, 757), (655, 753), (661, 755), (668, 754), (679, 758), (689, 767), (679, 774), (668, 775), (661, 775), (655, 774), (646, 770), (642, 765), (655, 760), (661, 760), (669, 760), (685, 766), (668, 766), (661, 767), (655, 765)]",0.002992391586303711,"[(585, 646, 152, 152), (247, 301, 165, 165)]"
my_images\5.jpg,haar_cascade,cnn_facial_landmark,"[(618, 698), (618, 715), (619, 732), (623, 748), (629, 763), (637, 775), (647, 784), (659, 788), (672, 788), (681, 783), (687, 775), (692, 765), (697, 756), (703, 746), (707, 734), (709, 722), (711, 710), (645, 693), (654, 692), (665, 693), (673, 695), (681, 700), (688, 702), (693, 699), (699, 697), (705, 695), (710, 696), (685, 710), (684, 719), (683, 728), (683, 739), (669, 742), (674, 745), (680, 748), (684, 748), (687, 745), (654, 706), (661, 705), (667, 706), (672, 710), (666, 710), (660, 709), (688, 711), (692, 709), (697, 709), (700, 711), (697, 713), (692, 713), (656, 756), (663, 754), (670, 754), (674, 755), (677, 755), (680, 757), (681, 761), (678, 764), (674, 765), (671, 765), (666, 764), (661, 762), (658, 757), (669, 758), (673, 758), (676, 759), (679, 761), (676, 760), (673, 760), (668, 759)]",0.02593207359313965,"[(585, 646, 152, 152), (247, 301, 165, 165)]"
my_images\5.jpg,dlib_hog_based,dlib_facial_landmark,"[(263, 368), (265, 386), (268, 405), (271, 422), (276, 439), (285, 453), (299, 465), (316, 474), (334, 476), (352, 472), (369, 464), (384, 452), (395, 438), (401, 421), (404, 403), (406, 384), (408, 365), (272, 362), (278, 352), (290, 348), (304, 347), (317, 350), (335, 349), (349, 345), (364, 345), (379, 349), (390, 359), (326, 362), (325, 375), (325, 387), (324, 400), (314, 409), (320, 410), (328, 411), (336, 409), (344, 406), (286, 368), (293, 364), (302, 363), (311, 368), (302, 370), (293, 370), (349, 366), (356, 361), (365, 361), (373, 365), (365, 367), (357, 367), (303, 430), (313, 429), (323, 426), (332, 427), (340, 424), (352, 425), (363, 424), (353, 434), (342, 439), (333, 441), (323, 440), (313, 437), (307, 431), (323, 432), (332, 433), (340, 431), (359, 426), (341, 430), (332, 432), (323, 431)]",0.0038475990295410156,"[(253, 322, 155, 155)]"
my_images\5.jpg,dlib_hog_based,cnn_facial_landmark,"[(268, 372), (269, 390), (271, 408), (274, 426), (280, 442), (289, 457), (302, 469), (317, 478), (335, 479), (353, 474), (368, 463), (379, 449), (388, 434), (392, 417), (393, 400), (394, 383), (394, 367), (274, 364), (281, 355), (293, 351), (306, 351), (318, 354), (337, 352), (349, 347), (362, 345), (374, 347), (383, 356), (328, 363), (328, 374), (328, 385), (328, 397), (315, 405), (321, 408), (329, 410), (337, 407), (344, 404), (289, 369), (295, 365), (304, 364), (311, 368), (304, 370), (296, 370), (346, 365), (354, 359), (362, 359), (369, 363), (363, 365), (354, 365), (303, 429), (312, 423), (322, 421), (330, 422), (338, 420), (349, 421), (360, 425), (350, 437), (340, 442), (331, 443), (323, 442), (313, 439), (307, 429), (322, 426), (330, 427), (339, 425), (355, 426), (339, 433), (330, 435), (323, 434)]",0.02497124671936035,"[(253, 322, 155, 155)]"
my_images\5.jpg,dnn_frontol_face,dlib_facial_landmark,"[(265, 360), (267, 381), (270, 403), (274, 423), (280, 440), (290, 454), (304, 465), (318, 474), (334, 475), (350, 471), (366, 463), (383, 451), (395, 437), (402, 419), (406, 400), (407, 378), (407, 356), (272, 360), (280, 350), (292, 347), (305, 347), (318, 350), (336, 349), (350, 345), (364, 345), (378, 347), (389, 357), (327, 362), (327, 374), (326, 386), (326, 399), (315, 409), (322, 410), (329, 412), (337, 409), (344, 406), (287, 367), (294, 363), (303, 362), (311, 367), (303, 369), (294, 370), (349, 366), (356, 360), (364, 361), (372, 364), (365, 367), (356, 367), (303, 430), (313, 428), (324, 426), (332, 428), (340, 424), (352, 424), (363, 423), (352, 433), (341, 439), (333, 441), (324, 440), (314, 437), (306, 430), (324, 432), (332, 434), (341, 431), (359, 424), (341, 428), (332, 430), (324, 430)]",0.002991914749145508,"[(262, 285, 146, 191)]"
my_images\5.jpg,dnn_frontol_face,cnn_facial_landmark,"[(265, 369), (267, 387), (271, 405), (275, 423), (282, 440), (293, 454), (307, 466), (322, 476), (339, 478), (356, 474), (372, 463), (386, 449), (396, 432), (402, 414), (404, 395), (405, 376), (406, 356), (271, 357), (279, 349), (290, 346), (303, 347), (316, 350), (338, 348), (351, 342), (364, 339), (378, 341), (388, 348), (328, 362), (329, 375), (329, 387), (330, 401), (317, 408), (324, 410), (332, 412), (339, 409), (346, 406), (287, 369), (294, 364), (303, 364), (311, 368), (303, 370), (294, 371), (349, 364), (356, 358), (365, 358), (373, 361), (366, 364), (358, 365), (306, 429), (316, 424), (326, 422), (333, 424), (341, 421), (353, 422), (364, 424), (354, 437), (344, 443), (335, 444), (327, 444), (316, 439), (310, 429), (326, 427), (334, 428), (342, 427), (359, 426), (343, 434), (334, 435), (326, 435)]",0.026440858840942383,"[(262, 285, 146, 191)]"
my_images\6.jpg,mtcnn,dlib_facial_landmark,"[(333, 243), (335, 264), (337, 285), (342, 304), (352, 321), (368, 331), (386, 338), (403, 342), (419, 340), (431, 334), (438, 321), (446, 309), (451, 296), (453, 282), (454, 268), (452, 254), (450, 240), (356, 240), (367, 230), (380, 225), (394, 225), (407, 230), (422, 227), (431, 222), (440, 218), (448, 219), (451, 228), (416, 241), (418, 251), (421, 260), (424, 269), (405, 281), (412, 282), (420, 283), (425, 281), (430, 278), (372, 246), (380, 242), (388, 240), (395, 246), (388, 248), (380, 249), (424, 243), (432, 237), (438, 237), (443, 241), (439, 244), (432, 244), (389, 301), (402, 297), (412, 294), (418, 295), (424, 293), (430, 294), (435, 296), (430, 304), (425, 307), (419, 309), (412, 309), (402, 308), (393, 301), (412, 300), (418, 300), (424, 299), (432, 297), (424, 298), (418, 300), (412, 300)]",0.0019941329956054688,"[(338, 176, 120, 163)]"
my_images\6.jpg,mtcnn,cnn_facial_landmark,"[(330, 249), (332, 267), (335, 285), (340, 302), (349, 316), (364, 327), (381, 335), (398, 340), (414, 340), (428, 335), (438, 325), (446, 312), (452, 299), (455, 285), (457, 270), (458, 256), (456, 242), (354, 236), (364, 228), (377, 225), (390, 226), (403, 230), (422, 228), (430, 223), (439, 221), (447, 221), (453, 226), (414, 241), (416, 252), (419, 262), (421, 273), (404, 282), (411, 283), (419, 285), (425, 282), (429, 279), (369, 247), (377, 243), (385, 242), (393, 246), (385, 248), (377, 249), (425, 242), (431, 238), (438, 237), (444, 240), (439, 243), (432, 243), (387, 300), (399, 296), (411, 294), (417, 295), (424, 293), (430, 294), (436, 296), (430, 304), (424, 308), (417, 310), (410, 310), (399, 308), (391, 301), (411, 299), (417, 299), (424, 298), (432, 297), (424, 300), (417, 302), (410, 302)]",0.025929927825927734,"[(338, 176, 120, 163)]"
my_images\6.jpg,haar_cascade,dlib_facial_landmark,"[(330, 247), (330, 266), (333, 285), (339, 302), (350, 317), (364, 327), (382, 334), (401, 340), (418, 339), (431, 333), (439, 321), (446, 309), (451, 297), (453, 282), (455, 269), (454, 255), (452, 242), (357, 240), (366, 231), (379, 225), (394, 225), (407, 229), (423, 228), (431, 222), (440, 219), (449, 219), (452, 228), (416, 242), (418, 251), (421, 260), (424, 270), (405, 280), (413, 281), (420, 283), (426, 280), (430, 277), (372, 247), (380, 242), (389, 241), (395, 246), (388, 248), (380, 249), (424, 244), (432, 238), (439, 237), (443, 241), (440, 244), (432, 245), (390, 302), (402, 297), (412, 294), (418, 295), (424, 292), (430, 294), (435, 297), (431, 304), (426, 308), (420, 309), (413, 310), (402, 308), (395, 302), (412, 300), (419, 300), (425, 299), (431, 298), (425, 299), (419, 300), (413, 301)]",0.0030231475830078125,"[(333, 179, 156, 156)]"
my_images\6.jpg,haar_cascade,cnn_facial_landmark,"[(343, 252), (345, 268), (348, 284), (352, 300), (359, 314), (370, 326), (383, 335), (399, 342), (414, 343), (429, 339), (441, 330), (451, 318), (458, 304), (462, 289), (464, 274), (465, 259), (464, 244), (359, 236), (368, 228), (379, 225), (391, 226), (402, 229), (421, 228), (430, 224), (440, 222), (449, 223), (456, 229), (412, 241), (414, 252), (415, 263), (417, 274), (402, 282), (409, 283), (416, 285), (421, 283), (427, 280), (373, 247), (379, 242), (387, 242), (394, 246), (387, 248), (380, 249), (426, 244), (432, 238), (439, 238), (445, 241), (440, 244), (433, 244), (388, 303), (399, 297), (408, 295), (415, 296), (422, 294), (430, 296), (436, 299), (430, 308), (422, 312), (415, 313), (408, 313), (398, 310), (392, 303), (408, 300), (415, 300), (422, 299), (433, 300), (422, 304), (415, 305), (408, 305)]",0.026926755905151367,"[(333, 179, 156, 156)]"
my_images\6.jpg,dlib_hog_based,dlib_facial_landmark,"[(332, 248), (332, 265), (334, 284), (339, 300), (349, 315), (363, 326), (382, 333), (401, 338), (418, 337), (432, 332), (439, 320), (446, 308), (451, 295), (453, 281), (454, 268), (453, 255), (451, 243), (356, 239), (367, 230), (380, 225), (395, 225), (408, 230), (423, 228), (431, 222), (440, 219), (448, 220), (451, 228), (416, 241), (418, 250), (421, 260), (424, 270), (405, 280), (413, 281), (420, 282), (425, 280), (430, 277), (371, 247), (380, 242), (388, 241), (395, 246), (388, 248), (380, 249), (424, 244), (432, 238), (439, 237), (443, 241), (439, 244), (432, 245), (390, 302), (402, 297), (412, 294), (419, 295), (425, 292), (431, 294), (435, 297), (431, 304), (426, 308), (420, 309), (413, 310), (403, 308), (394, 302), (413, 300), (419, 300), (425, 298), (432, 298), (426, 299), (419, 300), (413, 301)]",0.0030210018157958984,"[(339, 196, 129, 129)]"
my_images\6.jpg,dlib_hog_based,cnn_facial_landmark,"[(343, 242), (344, 259), (345, 275), (349, 291), (356, 305), (368, 317), (382, 326), (397, 332), (412, 333), (425, 329), (434, 319), (441, 307), (447, 294), (451, 281), (453, 267), (454, 253), (453, 240), (363, 234), (372, 227), (384, 225), (395, 227), (406, 231), (421, 230), (429, 225), (438, 223), (446, 223), (451, 229), (414, 241), (416, 251), (417, 262), (419, 272), (403, 279), (410, 281), (417, 282), (422, 280), (427, 278), (375, 243), (382, 240), (390, 240), (396, 244), (390, 246), (382, 246), (425, 242), (431, 238), (437, 237), (442, 240), (438, 243), (431, 244), (390, 298), (400, 294), (410, 292), (415, 293), (421, 292), (426, 293), (431, 295), (426, 303), (421, 306), (415, 308), (408, 307), (400, 305), (394, 298), (409, 297), (415, 297), (421, 297), (428, 296), (421, 299), (415, 300), (409, 300)]",0.025950193405151367,"[(339, 196, 129, 129)]"
my_images\6.jpg,dnn_frontol_face,dlib_facial_landmark,"[(333, 242), (333, 262), (335, 283), (341, 301), (351, 317), (366, 329), (383, 336), (401, 341), (417, 340), (429, 334), (437, 322), (445, 311), (450, 298), (452, 284), (454, 270), (452, 255), (451, 241), (357, 239), (368, 229), (381, 225), (395, 225), (407, 230), (422, 228), (430, 222), (439, 219), (448, 219), (451, 228), (415, 242), (418, 251), (420, 260), (423, 270), (405, 280), (412, 282), (419, 283), (425, 281), (429, 278), (372, 246), (380, 241), (388, 241), (395, 246), (388, 248), (380, 249), (424, 243), (431, 237), (438, 237), (442, 241), (439, 244), (432, 244), (389, 301), (402, 297), (412, 294), (418, 295), (424, 293), (430, 294), (434, 296), (430, 304), (425, 308), (418, 309), (412, 309), (402, 308), (393, 301), (412, 300), (418, 300), (424, 299), (431, 297), (424, 299), (418, 300), (412, 300)]",0.002992868423461914,"[(331, 176, 123, 160)]"
my_images\6.jpg,dnn_frontol_face,cnn_facial_landmark,"[(329, 249), (331, 266), (335, 284), (340, 301), (350, 315), (364, 326), (381, 334), (398, 339), (415, 339), (428, 333), (437, 322), (443, 310), (449, 296), (452, 283), (454, 269), (454, 255), (452, 242), (356, 236), (365, 229), (378, 225), (390, 225), (402, 228), (421, 227), (429, 222), (436, 220), (444, 220), (449, 225), (414, 240), (416, 251), (419, 261), (422, 271), (404, 281), (412, 283), (419, 283), (425, 281), (429, 278), (371, 246), (378, 242), (386, 241), (393, 245), (387, 247), (379, 248), (425, 241), (431, 236), (438, 235), (443, 239), (439, 241), (432, 242), (388, 301), (400, 297), (411, 294), (417, 295), (423, 293), (429, 294), (434, 296), (429, 303), (424, 308), (417, 310), (411, 310), (400, 308), (393, 301), (411, 299), (417, 299), (423, 298), (431, 297), (423, 301), (417, 303), (411, 303)]",0.025931119918823242,"[(331, 176, 123, 160)]"
my_images\8.jpeg,mtcnn,dlib_facial_landmark,"[(729, 606), (730, 630), (732, 654), (734, 676), (741, 697), (754, 715), (768, 729), (781, 743), (797, 747), (814, 744), (829, 732), (843, 718), (857, 702), (865, 683), (870, 662), (874, 640), (877, 615), (740, 613), (750, 602), (765, 600), (780, 603), (795, 609), (816, 610), (831, 604), (846, 602), (860, 605), (869, 617), (803, 626), (802, 640), (801, 653), (800, 667), (785, 670), (792, 674), (800, 678), (808, 675), (816, 672), (757, 624), (766, 621), (776, 621), (785, 628), (775, 630), (765, 629), (823, 630), (832, 623), (841, 624), (850, 629), (842, 633), (832, 633), (770, 688), (782, 688), (793, 688), (800, 690), (808, 689), (819, 690), (831, 691), (818, 704), (807, 709), (799, 710), (791, 708), (780, 702), (774, 690), (792, 690), (800, 692), (808, 692), (827, 692), (807, 700), (799, 701), (791, 699)]",0.0039899349212646484,"[(724, 545, 149, 189)]"
my_images\8.jpeg,mtcnn,cnn_facial_landmark,"[(723, 615), (724, 634), (726, 654), (729, 673), (736, 691), (747, 706), (762, 720), (777, 732), (795, 735), (813, 732), (828, 722), (842, 709), (854, 694), (863, 677), (868, 659), (871, 641), (874, 622), (739, 609), (750, 603), (763, 602), (777, 605), (790, 611), (817, 611), (829, 607), (842, 605), (854, 607), (862, 614), (803, 626), (802, 640), (802, 655), (802, 669), (785, 672), (792, 676), (801, 679), (809, 677), (815, 673), (754, 624), (763, 622), (773, 622), (781, 628), (772, 629), (762, 628), (820, 629), (829, 624), (838, 624), (846, 627), (839, 630), (829, 630), (768, 687), (781, 688), (792, 688), (799, 690), (807, 689), (817, 689), (827, 689), (816, 700), (806, 705), (798, 706), (790, 705), (779, 700), (772, 689), (792, 693), (799, 694), (807, 693), (823, 690), (806, 696), (798, 697), (791, 696)]",0.025894880294799805,"[(724, 545, 149, 189)]"
my_images\8.jpeg,haar_cascade,dlib_facial_landmark,"[(728, 619), (730, 640), (732, 660), (735, 680), (742, 697), (754, 713), (768, 726), (781, 737), (797, 740), (814, 739), (830, 729), (844, 716), (858, 701), (866, 683), (870, 664), (874, 643), (877, 622), (739, 614), (749, 603), (765, 601), (781, 604), (796, 611), (815, 611), (831, 604), (846, 602), (862, 606), (870, 619), (804, 628), (802, 642), (801, 656), (800, 671), (786, 672), (793, 676), (800, 680), (808, 677), (816, 675), (757, 625), (766, 620), (777, 621), (785, 629), (775, 631), (764, 629), (823, 631), (832, 623), (842, 624), (851, 629), (843, 633), (832, 633), (770, 689), (781, 689), (792, 688), (800, 690), (808, 689), (818, 691), (830, 692), (818, 704), (807, 708), (798, 708), (790, 707), (779, 701), (774, 690), (791, 690), (799, 692), (808, 692), (825, 693), (808, 701), (799, 701), (791, 699)]",0.0029914379119873047,"[(714, 562, 180, 180)]"
my_images\8.jpeg,haar_cascade,cnn_facial_landmark,"[(735, 624), (734, 643), (735, 661), (737, 679), (742, 697), (752, 712), (765, 726), (779, 737), (797, 742), (815, 739), (830, 730), (845, 717), (856, 703), (864, 686), (869, 667), (872, 649), (874, 631), (747, 614), (756, 608), (768, 607), (781, 609), (792, 615), (816, 616), (827, 612), (840, 611), (851, 614), (860, 620), (803, 630), (802, 642), (802, 655), (801, 668), (785, 672), (792, 676), (800, 679), (808, 677), (815, 674), (760, 629), (768, 627), (776, 628), (784, 631), (776, 632), (767, 632), (822, 634), (830, 631), (838, 631), (845, 634), (838, 636), (830, 636), (768, 688), (780, 687), (792, 687), (799, 689), (808, 687), (819, 689), (830, 691), (819, 703), (808, 709), (798, 709), (790, 708), (779, 702), (772, 690), (791, 691), (799, 692), (808, 692), (826, 692), (808, 700), (799, 701), (791, 699)]",0.026926755905151367,"[(714, 562, 180, 180)]"
my_images\8.jpeg,dlib_hog_based,dlib_facial_landmark,"[(727, 614), (728, 635), (730, 656), (733, 677), (739, 696), (752, 712), (766, 726), (780, 739), (798, 743), (816, 740), (831, 728), (845, 714), (858, 698), (866, 679), (871, 660), (875, 640), (878, 619), (740, 611), (750, 601), (764, 599), (779, 602), (793, 608), (817, 610), (831, 604), (846, 602), (860, 605), (868, 615), (802, 626), (801, 642), (800, 658), (799, 674), (786, 674), (792, 678), (799, 681), (807, 678), (815, 676), (757, 624), (766, 620), (776, 621), (785, 628), (775, 629), (765, 628), (822, 630), (831, 623), (841, 623), (850, 628), (842, 632), (832, 632), (769, 687), (781, 687), (791, 688), (800, 690), (808, 689), (819, 689), (831, 690), (819, 703), (808, 707), (799, 708), (790, 706), (780, 701), (774, 689), (791, 691), (800, 692), (808, 692), (826, 691), (808, 699), (799, 700), (791, 699)]",0.003988981246948242,"[(717, 580, 155, 155)]"
my_images\8.jpeg,dlib_hog_based,cnn_facial_landmark,"[(734, 625), (733, 643), (734, 660), (735, 679), (740, 696), (750, 712), (764, 725), (781, 734), (800, 737), (817, 734), (831, 723), (842, 711), (850, 696), (855, 681), (858, 665), (860, 650), (862, 635), (749, 621), (759, 616), (771, 615), (783, 617), (794, 622), (816, 622), (827, 619), (837, 618), (847, 621), (854, 626), (805, 632), (804, 644), (804, 655), (804, 668), (787, 671), (794, 675), (802, 678), (809, 676), (815, 673), (761, 632), (769, 631), (777, 631), (783, 634), (776, 635), (769, 635), (820, 636), (827, 634), (834, 634), (840, 637), (834, 638), (827, 638), (769, 687), (781, 685), (793, 685), (800, 687), (809, 686), (819, 687), (829, 688), (819, 699), (808, 704), (800, 704), (792, 703), (780, 698), (773, 688), (793, 690), (800, 691), (809, 690), (825, 689), (809, 696), (800, 697), (792, 696)]",0.02792525291442871,"[(717, 580, 155, 155)]"
my_images\8.jpeg,dnn_frontol_face,dlib_facial_landmark,"[(727, 607), (729, 631), (730, 654), (733, 676), (740, 697), (753, 714), (767, 729), (780, 742), (796, 746), (813, 743), (828, 731), (843, 717), (857, 701), (865, 683), (870, 662), (873, 640), (877, 616), (739, 613), (749, 602), (764, 600), (779, 602), (794, 608), (815, 609), (831, 603), (846, 602), (860, 606), (869, 618), (803, 625), (802, 637), (800, 649), (799, 662), (784, 667), (791, 671), (800, 674), (808, 671), (816, 669), (756, 624), (765, 621), (775, 621), (784, 628), (775, 630), (764, 629), (822, 629), (832, 623), (841, 624), (850, 628), (842, 633), (832, 632), (769, 687), (781, 687), (792, 686), (800, 689), (807, 687), (818, 689), (831, 690), (818, 704), (807, 709), (798, 709), (790, 708), (780, 701), (774, 689), (792, 689), (799, 691), (807, 690), (826, 691), (807, 699), (799, 700), (791, 699)]",0.0019948482513427734,"[(726, 549, 148, 186)]"
my_images\8.jpeg,dnn_frontol_face,cnn_facial_landmark,"[(724, 618), (725, 638), (727, 657), (730, 676), (736, 693), (747, 708), (760, 722), (775, 733), (793, 738), (811, 736), (827, 726), (843, 713), (856, 698), (864, 680), (869, 661), (872, 642), (875, 623), (738, 608), (748, 601), (762, 599), (775, 602), (788, 607), (817, 609), (829, 605), (843, 604), (855, 608), (863, 616), (802, 625), (802, 640), (802, 654), (802, 669), (784, 671), (792, 675), (800, 679), (809, 677), (816, 673), (754, 622), (763, 619), (773, 620), (781, 626), (772, 627), (762, 626), (821, 629), (829, 623), (839, 623), (847, 628), (839, 630), (830, 630), (765, 686), (779, 686), (791, 687), (798, 690), (807, 688), (817, 689), (828, 689), (817, 700), (806, 705), (796, 705), (788, 704), (777, 698), (770, 688), (790, 692), (798, 693), (807, 693), (824, 690), (806, 696), (797, 697), (789, 695)]",0.026897192001342773,"[(726, 549, 148, 186)]"
my_images\9.jpeg,mtcnn,dlib_facial_landmark,"[(331, 508), (329, 527), (328, 546), (328, 565), (333, 581), (341, 596), (351, 609), (361, 620), (372, 623), (383, 622), (392, 613), (400, 604), (408, 596), (414, 585), (419, 574), (422, 563), (425, 551), (350, 521), (360, 518), (371, 519), (381, 524), (389, 532), (406, 537), (413, 535), (421, 534), (427, 537), (430, 544), (395, 544), (393, 555), (392, 565), (391, 576), (374, 573), (380, 577), (386, 582), (392, 581), (397, 579), (359, 532), (366, 531), (373, 533), (378, 540), (372, 539), (365, 537), (403, 547), (409, 543), (415, 545), (419, 549), (415, 551), (408, 549), (355, 574), (367, 580), (376, 585), (382, 588), (387, 588), (393, 587), (400, 585), (392, 593), (385, 596), (379, 596), (373, 594), (364, 587), (357, 576), (375, 588), (381, 590), (387, 589), (397, 586), (386, 591), (381, 591), (375, 589)]",0.0027709007263183594,"[(329, 481, 102, 137)]"
my_images\9.jpeg,mtcnn,cnn_facial_landmark,"[(333, 516), (328, 532), (325, 548), (324, 564), (326, 579), (332, 593), (342, 605), (352, 614), (366, 619), (378, 619), (390, 612), (401, 604), (411, 595), (419, 585), (425, 573), (430, 562), (434, 551), (351, 519), (361, 516), (372, 516), (382, 520), (390, 526), (404, 532), (413, 531), (422, 532), (429, 536), (432, 542), (395, 541), (393, 549), (391, 558), (389, 568), (373, 568), (378, 572), (384, 575), (391, 575), (395, 574), (361, 531), (368, 532), (374, 534), (379, 538), (372, 537), (366, 535), (403, 545), (409, 545), (415, 547), (419, 550), (413, 550), (408, 548), (353, 576), (364, 576), (374, 577), (379, 580), (385, 580), (391, 582), (397, 586), (388, 592), (381, 595), (374, 594), (368, 592), (360, 586), (356, 577), (372, 581), (378, 583), (384, 584), (393, 586), (383, 588), (376, 588), (371, 586)]",0.027924299240112305,"[(329, 481, 102, 137)]"
my_images\9.jpeg,haar_cascade,dlib_facial_landmark,null,['null'],[]
my_images\9.jpeg,haar_cascade,cnn_facial_landmark,null,['null'],[]
my_images\9.jpeg,dlib_hog_based,dlib_facial_landmark,"[(328, 514), (327, 531), (325, 548), (325, 565), (331, 581), (339, 595), (349, 608), (360, 618), (372, 622), (383, 621), (393, 612), (402, 603), (411, 595), (418, 584), (423, 574), (426, 562), (429, 550), (350, 519), (360, 517), (370, 519), (380, 523), (388, 531), (407, 536), (414, 534), (422, 534), (429, 536), (431, 543), (395, 544), (393, 554), (391, 565), (389, 575), (374, 572), (379, 577), (385, 581), (391, 580), (396, 578), (359, 532), (366, 531), (373, 533), (378, 540), (371, 538), (364, 536), (402, 547), (409, 544), (416, 545), (420, 549), (415, 550), (408, 549), (355, 574), (366, 580), (375, 584), (381, 587), (387, 587), (393, 586), (400, 584), (391, 592), (384, 595), (378, 595), (372, 592), (363, 585), (357, 576), (375, 586), (381, 588), (386, 588), (396, 586), (385, 590), (380, 590), (374, 588)]",0.0029916763305664062,"[(330, 498, 108, 107)]"
my_images\9.jpeg,dlib_hog_based,cnn_facial_landmark,"[(345, 531), (341, 543), (338, 555), (336, 567), (337, 579), (340, 590), (346, 600), (353, 608), (364, 612), (376, 612), (388, 607), (398, 602), (407, 594), (414, 586), (419, 576), (424, 566), (427, 556), (353, 528), (359, 525), (367, 526), (374, 528), (380, 532), (393, 535), (401, 534), (410, 534), (417, 538), (422, 543), (384, 542), (382, 550), (380, 558), (377, 567), (367, 568), (371, 571), (375, 573), (380, 573), (385, 572), (359, 538), (364, 537), (369, 538), (373, 542), (368, 542), (363, 541), (394, 546), (399, 544), (405, 545), (409, 549), (404, 549), (399, 548), (353, 577), (361, 578), (367, 578), (371, 580), (377, 580), (383, 582), (390, 584), (381, 589), (374, 591), (369, 590), (364, 589), (358, 585), (356, 579), (366, 581), (371, 583), (376, 583), (387, 584), (375, 585), (370, 585), (365, 584)]",0.026895999908447266,"[(330, 498, 108, 107)]"
my_images\9.jpeg,dnn_frontol_face,dlib_facial_landmark,"[(329, 511), (327, 530), (326, 549), (327, 567), (333, 583), (341, 597), (351, 609), (361, 619), (373, 623), (383, 622), (391, 612), (400, 604), (408, 597), (415, 587), (420, 576), (422, 565), (425, 553), (350, 519), (360, 517), (371, 519), (381, 524), (389, 533), (405, 537), (412, 535), (420, 534), (426, 536), (429, 542), (395, 545), (393, 555), (392, 565), (391, 575), (374, 574), (380, 578), (386, 583), (392, 582), (397, 580), (359, 532), (366, 531), (373, 533), (378, 540), (371, 539), (364, 537), (402, 547), (409, 543), (415, 544), (419, 549), (415, 551), (408, 549), (355, 575), (367, 581), (377, 585), (382, 587), (387, 588), (393, 587), (400, 585), (392, 592), (385, 595), (379, 596), (374, 594), (364, 587), (358, 577), (376, 587), (381, 589), (387, 589), (397, 586), (386, 590), (381, 590), (375, 589)]",0.0020294189453125,"[(329, 484, 101, 132)]"
my_images\9.jpeg,dnn_frontol_face,cnn_facial_landmark,"[(334, 518), (329, 533), (326, 548), (323, 565), (325, 579), (331, 593), (340, 605), (351, 615), (364, 620), (377, 619), (388, 612), (399, 605), (409, 595), (417, 586), (423, 574), (428, 564), (431, 552), (352, 521), (361, 518), (372, 518), (382, 522), (390, 527), (403, 533), (412, 533), (421, 534), (428, 538), (431, 545), (394, 541), (392, 550), (390, 559), (388, 568), (372, 568), (377, 572), (383, 576), (389, 575), (394, 574), (360, 532), (367, 532), (373, 534), (378, 539), (372, 538), (365, 536), (402, 546), (407, 546), (413, 548), (418, 551), (412, 551), (406, 549), (351, 575), (362, 576), (372, 577), (377, 580), (384, 580), (390, 583), (395, 586), (387, 592), (379, 595), (372, 594), (366, 592), (358, 586), (354, 577), (371, 581), (376, 583), (383, 584), (392, 586), (381, 588), (375, 588), (369, 586)]",0.026957988739013672,"[(329, 484, 101, 132)]"
